F,0.525,0.38,0.14,0.6065,0.19399999999999998,0.1475,0.21,14
M,0.43,0.35,0.11,0.406,0.1675,0.081,0.135,10
M,0.49,0.38,0.135,0.5415,0.2175,0.095,0.19,11
F,0.44,0.34,0.1,0.451,0.188,0.087,0.13,10
M,0.45,0.32,0.1,0.381,0.1705,0.075,0.115,9
I,0.38,0.275,0.1,0.2255,0.08,0.049,0.085,10
F,0.565,0.44,0.155,0.9395,0.4275,0.214,0.27,12
F,0.54,0.475,0.155,1.217,0.5305,0.3075,0.34,16
F,0.55,0.425,0.135,0.8515,0.36200000000000004,0.196,0.27,14
M,0.47,0.385,0.135,0.5895,0.2765,0.12,0.17,8
M,0.52,0.4,0.12,0.58,0.23399999999999999,0.1315,0.185,8
M,0.57,0.48,0.175,1.185,0.474,0.261,0.38,11
M,0.62,0.51,0.175,1.615,0.5105,0.192,0.675,12
F,0.57,0.465,0.18,1.295,0.33899999999999997,0.2225,0.44,12
M,0.565,0.425,0.135,0.8115,0.341,0.1675,0.255,15
M,0.47,0.37,0.13,0.5225,0.201,0.133,0.165,7
I,0.36,0.265,0.095,0.2315,0.105,0.046,0.075,7
M,0.495,0.395,0.125,0.5415,0.2375,0.1345,0.155,9
I,0.435,0.32,0.08,0.3325,0.1485,0.0635,0.105,9
F,0.53,0.415,0.115,0.5915,0.233,0.1585,0.18,11
M,0.44,0.34,0.105,0.402,0.1305,0.0955,0.165,10
F,0.47,0.365,0.105,0.4205,0.163,0.1035,0.14,9
M,0.7,0.535,0.16,1.7255,0.63,0.2635,0.54,19
F,0.44,0.35,0.125,0.4035,0.175,0.063,0.129,9
I,0.35,0.26,0.095,0.21100000000000002,0.086,0.055999999999999994,0.068,7
F,0.305,0.23,0.08,0.156,0.0675,0.0345,0.048,7
M,0.56,0.455,0.155,0.797,0.34,0.19,0.2425,11
M,0.46,0.35,0.12,0.515,0.22399999999999998,0.10800000000000001,0.1565,10
I,0.28,0.205,0.08,0.127,0.052000000000000005,0.039,0.042,9
F,0.58,0.455,0.17,0.9075,0.374,0.2135,0.285,13
F,0.605,0.485,0.16,1.222,0.53,0.2575,0.28,13
M,0.57,0.48,0.18,0.9395,0.39899999999999997,0.2,0.295,14
M,0.64,0.51,0.175,1.368,0.515,0.266,0.57,21
M,0.615,0.48,0.18,1.1595,0.4845,0.2165,0.325,13
M,0.61,0.485,0.17,1.0225,0.419,0.2405,0.36,12
I,0.355,0.275,0.085,0.22,0.092,0.06,0.15,8
F,0.53,0.435,0.17,0.8155,0.2985,0.155,0.275,13
F,0.525,0.415,0.17,0.8325,0.2755,0.1685,0.31,13
M,0.335,0.25,0.09,0.18100000000000002,0.0755,0.0415,0.06,7
M,0.55,0.405,0.14,0.8025,0.244,0.1635,0.255,10
F,0.49,0.375,0.15,0.5755,0.22,0.14400000000000002,0.19,9
F,0.5,0.37,0.135,0.45,0.1715,0.1055,0.155,9
F,0.39,0.29,0.125,0.3055,0.121,0.08199999999999999,0.09,7
F,0.53,0.415,0.16,0.7829999999999999,0.2935,0.158,0.245,15
M,0.625,0.505,0.215,1.4455,0.496,0.287,0.435,22
F,0.575,0.46,0.185,1.094,0.4485,0.217,0.345,15
M,0.56,0.45,0.185,1.07,0.3805,0.175,0.41,19
M,0.545,0.46,0.16,0.8975,0.341,0.1655,0.345,10
F,0.54,0.475,0.155,0.9279999999999999,0.39399999999999996,0.19399999999999998,0.26,11
M,0.52,0.45,0.15,0.895,0.3615,0.18600000000000003,0.235,14
M,0.35,0.275,0.11,0.2925,0.1225,0.0635,0.0905,8
M,0.59,0.5,0.2,1.187,0.41200000000000003,0.2705,0.37,16
M,0.62,0.485,0.205,1.219,0.3875,0.2505,0.385,14
F,0.535,0.415,0.185,0.8415,0.314,0.1585,0.3,15
F,0.535,0.415,0.17,0.879,0.295,0.1965,0.285,10
M,0.53,0.435,0.155,0.6990000000000001,0.28800000000000003,0.1595,0.205,10
F,0.565,0.505,0.21,1.2765,0.501,0.27899999999999997,0.355,12
M,0.37,0.28,0.1,0.252,0.1065,0.0595,0.07400000000000001,8
M,0.645,0.515,0.24,1.5415,0.47100000000000003,0.369,0.535,13
M,0.55,0.41,0.125,0.7605,0.2505,0.1635,0.195,14
I,0.19,0.145,0.04,0.038,0.0165,0.0065,0.015,4
I,0.265,0.205,0.07,0.1055,0.039,0.040999999999999995,0.035,5
M,0.335,0.265,0.105,0.222,0.0935,0.055999999999999994,0.075,7
M,0.51,0.4,0.13,0.6435,0.27,0.1665,0.205,12
M,0.5,0.38,0.155,0.5955,0.2135,0.161,0.2,12
I,0.235,0.175,0.04,0.0705,0.0335,0.015,0.02,5
F,0.74,0.6,0.195,1.974,0.598,0.4085,0.71,16
F,0.62,0.51,0.205,1.3475,0.4775,0.2565,0.48,14
M,0.57,0.46,0.14,0.9535,0.4465,0.2065,0.245,12
M,0.675,0.525,0.185,1.587,0.6935,0.336,0.395,13
F,0.59,0.465,0.15,0.997,0.392,0.24600000000000002,0.34,12
M,0.535,0.42,0.145,0.7909999999999999,0.33,0.18899999999999997,0.25,10
M,0.485,0.4,0.135,0.6629999999999999,0.313,0.13699999999999998,0.2,10
F,0.455,0.37,0.105,0.4925,0.21600000000000003,0.1245,0.135,9
I,0.465,0.375,0.12,0.47100000000000003,0.222,0.11900000000000001,0.14,9
M,0.535,0.44,0.15,0.6765,0.256,0.139,0.26,12
F,0.515,0.415,0.14,0.6935,0.3115,0.152,0.2,10
M,0.59,0.485,0.12,0.9109999999999999,0.39,0.182,0.29,16
M,0.57,0.44,0.095,0.8270000000000001,0.3395,0.2215,0.235,8
M,0.585,0.475,0.12,0.945,0.41,0.2115,0.28,14
F,0.67,0.54,0.165,1.5015,0.518,0.358,0.505,14
M,0.6,0.5,0.16,1.015,0.3995,0.1735,0.33,19
F,0.56,0.455,0.125,0.943,0.344,0.129,0.375,21
F,0.57,0.45,0.175,0.9555,0.38,0.1665,0.295,18
M,0.565,0.455,0.17,0.9065,0.342,0.156,0.32,18
M,0.5,0.41,0.15,0.662,0.2815,0.13699999999999998,0.22,11
M,0.5,0.415,0.165,0.6885,0.249,0.138,0.25,13
I,0.335,0.26,0.1,0.192,0.0785,0.0585,0.07,8
F,0.56,0.455,0.19,0.7140000000000001,0.28300000000000003,0.129,0.275,9
F,0.565,0.455,0.15,0.8205,0.365,0.159,0.26,18
F,0.675,0.535,0.16,1.41,0.5920000000000001,0.3175,0.42,16
M,0.38,0.285,0.1,0.2665,0.115,0.061,0.075,11
M,0.655,0.53,0.195,1.3880000000000001,0.5670000000000001,0.2735,0.41,13
M,0.66,0.545,0.185,1.32,0.5305,0.2635,0.455,16
M,0.655,0.53,0.175,1.2635,0.486,0.2635,0.415,15
M,0.625,0.5,0.195,1.369,0.5875,0.2185,0.37,17
F,0.625,0.485,0.19,1.1745,0.4385,0.2305,0.42,17
M,0.2,0.14,0.055,0.035,0.0145,0.008,0.01,5
F,0.57,0.45,0.16,0.9715,0.3965,0.255,0.26,12
M,0.385,0.3,0.095,0.24,0.0885,0.059000000000000004,0.085,9
I,0.47,0.37,0.14,0.4985,0.2095,0.1225,0.145,10
M,0.275,0.205,0.07,0.094,0.0335,0.02,0.0325,5
M,0.255,0.195,0.065,0.08,0.0315,0.018000000000000002,0.027000000000000003,8
F,0.565,0.45,0.16,0.795,0.3605,0.1555,0.23,12
I,0.5,0.385,0.15,0.6265,0.2605,0.1665,0.16,10
F,0.44,0.34,0.105,0.364,0.14800000000000002,0.0805,0.1175,8
M,0.28,0.21,0.08,0.1085,0.040999999999999995,0.0265,0.0345,7
I,0.61,0.475,0.15,0.9665,0.4145,0.2,0.345,10
I,0.56,0.425,0.14,0.9175,0.4005,0.1975,0.26,10
F,0.585,0.435,0.175,0.982,0.4055,0.2495,0.27,10
I,0.55,0.425,0.15,0.8059999999999999,0.376,0.171,0.245,14
F,0.645,0.525,0.19,1.4635,0.6615,0.3435,0.435,19
F,0.41,0.305,0.1,0.363,0.1735,0.065,0.11,11
I,0.52,0.425,0.17,0.6805,0.28,0.174,0.195,10
F,0.55,0.41,0.145,0.8285,0.3095,0.1905,0.25,13
I,0.605,0.495,0.145,1.054,0.369,0.2255,0.36,12
F,0.385,0.315,0.11,0.28600000000000003,0.1225,0.0635,0.0835,10
F,0.39,0.3,0.1,0.265,0.1075,0.06,0.0865,13
M,0.345,0.27,0.09,0.195,0.078,0.0455,0.059000000000000004,9
M,0.345,0.255,0.08,0.16899999999999998,0.06,0.0425,0.054000000000000006,10
I,0.485,0.38,0.14,0.6729999999999999,0.2175,0.13,0.195,18
F,0.425,0.335,0.095,0.322,0.1205,0.061,0.125,10
M,0.46,0.365,0.125,0.467,0.1895,0.0945,0.158,10
M,0.38,0.235,0.1,0.258,0.1055,0.054000000000000006,0.08,7
F,0.51,0.4,0.13,0.5735,0.21899999999999997,0.1365,0.195,13
I,0.62,0.485,0.18,1.1785,0.4675,0.2655,0.39,13
M,0.45,0.34,0.13,0.3715,0.1605,0.0795,0.105,9
M,0.48,0.375,0.145,0.777,0.21600000000000003,0.13,0.17,9
I,0.46,0.35,0.12,0.4885,0.193,0.105,0.155,11
M,0.255,0.18,0.065,0.079,0.034,0.013999999999999999,0.025,5
F,0.5,0.38,0.155,0.655,0.2405,0.14300000000000002,0.205,17
F,0.535,0.405,0.125,0.927,0.26,0.1425,0.345,16
F,0.43,0.325,0.115,0.3865,0.1475,0.1065,0.11,11
M,0.385,0.285,0.105,0.2905,0.1215,0.0685,0.0875,12
F,0.48,0.385,0.135,0.536,0.1895,0.142,0.17300000000000001,14
M,0.4,0.3,0.125,0.41700000000000004,0.191,0.09,0.1175,9
I,0.18,0.125,0.035,0.0265,0.0095,0.0055,0.0085,4
I,0.15,0.1,0.025,0.015,0.0045,0.004,0.005,2
I,0.16,0.11,0.025,0.018000000000000002,0.0065,0.0055,0.005,3
M,0.465,0.36,0.08,0.488,0.191,0.125,0.155,11
F,0.49,0.36,0.11,0.5005,0.161,0.107,0.195,17
M,0.525,0.4,0.13,0.8295,0.2405,0.1825,0.275,11
M,0.51,0.39,0.125,0.6565,0.262,0.1835,0.175,10
M,0.535,0.41,0.135,0.862,0.2855,0.1525,0.32,14
F,0.605,0.46,0.17,1.122,0.34700000000000003,0.3045,0.315,13
F,0.58,0.455,0.165,1.1365,0.369,0.3005,0.275,13
M,0.62,0.505,0.185,1.5275,0.69,0.368,0.35,13
M,0.585,0.405,0.15,1.2565,0.435,0.20199999999999999,0.325,15
M,0.545,0.45,0.15,0.978,0.3365,0.1905,0.3,11
F,0.59,0.445,0.13,1.1325,0.3825,0.23399999999999999,0.32,13
M,0.49,0.38,0.14,0.7605,0.245,0.16699999999999998,0.185,10
F,0.505,0.39,0.16,0.644,0.2475,0.2025,0.1635,9
F,0.57,0.465,0.16,0.8935,0.3145,0.2575,0.263,10
F,0.49,0.365,0.13,0.6835,0.165,0.1315,0.205,21
I,0.335,0.25,0.08,0.183,0.0735,0.04,0.0575,6
I,0.35,0.25,0.07,0.18,0.0655,0.048,0.054000000000000006,6
I,0.385,0.29,0.095,0.312,0.14300000000000002,0.0635,0.086,6
I,0.415,0.32,0.11,0.3735,0.175,0.0755,0.109,7
I,0.445,0.325,0.1,0.37799999999999995,0.1795,0.1,0.08900000000000001,7
I,0.475,0.365,0.125,0.5465,0.22899999999999998,0.1185,0.172,9
M,0.5,0.4,0.125,0.5975,0.27,0.1275,0.166,9
M,0.525,0.395,0.13,0.7635,0.3375,0.1425,0.225,8
M,0.55,0.45,0.15,1.0145,0.40700000000000003,0.2015,0.2875,10
F,0.55,0.45,0.15,0.875,0.36200000000000004,0.1755,0.2765,10
F,0.595,0.465,0.14,1.113,0.5175,0.244,0.305,12
M,0.6,0.475,0.175,1.3445,0.5489999999999999,0.2875,0.36,11
F,0.605,0.475,0.175,1.382,0.609,0.2325,0.3985,10
M,0.615,0.51,0.15,1.296,0.545,0.3315,0.32,9
F,0.675,0.525,0.155,1.4785,0.628,0.3405,0.42,9
I,0.24,0.175,0.065,0.0665,0.031,0.0135,0.017,3
I,0.265,0.195,0.06,0.092,0.0345,0.025,0.0245,6
I,0.28,0.12,0.075,0.11699999999999999,0.0455,0.028999999999999998,0.0345,4
I,0.305,0.22,0.07,0.141,0.062,0.031,0.037000000000000005,5
I,0.32,0.24,0.09,0.1575,0.07,0.0265,0.0425,5
I,0.335,0.25,0.075,0.18600000000000003,0.0945,0.038,0.0445,7
I,0.345,0.265,0.1,0.2455,0.111,0.0535,0.065,7
I,0.385,0.265,0.08,0.251,0.124,0.037000000000000005,0.07,6
I,0.41,0.305,0.09,0.3535,0.157,0.0745,0.1,7
I,0.42,0.315,0.1,0.3435,0.157,0.0795,0.09,6
I,0.425,0.315,0.1,0.377,0.1645,0.07200000000000001,0.105,6
I,0.43,0.325,0.09,0.425,0.217,0.087,0.095,7
I,0.455,0.375,0.12,0.49700000000000005,0.2355,0.1055,0.1295,6
I,0.465,0.365,0.115,0.467,0.2315,0.0925,0.113,7
M,0.47,0.365,0.12,0.612,0.327,0.15,0.14,8
M,0.475,0.37,0.125,0.537,0.222,0.1215,0.15,9
M,0.48,0.385,0.145,0.64,0.2925,0.1405,0.1575,6
M,0.48,0.36,0.1,0.439,0.19399999999999998,0.099,0.115,8
I,0.505,0.39,0.15,0.685,0.36200000000000004,0.131,0.156,8
M,0.51,0.39,0.135,0.769,0.3935,0.1455,0.19,8
I,0.51,0.375,0.1,0.5785,0.23800000000000002,0.1225,0.175,7
F,0.525,0.415,0.14,0.7240000000000001,0.3475,0.17300000000000001,0.175,8
M,0.53,0.405,0.125,0.6515,0.2715,0.1605,0.18600000000000003,7
F,0.56,0.455,0.16,0.9670000000000001,0.4525,0.207,0.27399999999999997,9
M,0.57,0.45,0.155,1.195,0.5625,0.2565,0.295,10
M,0.57,0.45,0.155,1.1935,0.513,0.21,0.34299999999999997,10
M,0.57,0.445,0.14,1.0635,0.5265,0.2195,0.24,8
F,0.58,0.45,0.145,1.137,0.5585,0.22,0.29,8
M,0.595,0.475,0.165,1.213,0.621,0.2435,0.27399999999999997,9
F,0.625,0.475,0.175,1.1435,0.4755,0.2475,0.349,10
M,0.63,0.48,0.15,1.1785,0.5185,0.248,0.3235,8
M,0.645,0.5,0.175,1.3385,0.633,0.299,0.349,11
F,0.655,0.46,0.16,1.494,0.6895,0.331,0.1825,9
F,0.66,0.505,0.185,1.528,0.69,0.3025,0.441,11
F,0.675,0.565,0.195,1.8375,0.7645,0.3615,0.5529999999999999,12
M,0.68,0.535,0.185,1.607,0.7245,0.3215,0.498,12
F,0.715,0.525,0.185,1.56,0.6655,0.38299999999999995,0.405,11
I,0.195,0.15,0.045,0.0375,0.018000000000000002,0.006,0.011000000000000001,3
I,0.375,0.275,0.1,0.2325,0.1165,0.042,0.065,6
I,0.405,0.3,0.11,0.32,0.172,0.044000000000000004,0.09300000000000001,7
I,0.44,0.33,0.11,0.3705,0.1545,0.084,0.12,7
I,0.445,0.335,0.11,0.41100000000000003,0.1985,0.0935,0.109,8
I,0.45,0.33,0.1,0.41100000000000003,0.1945,0.1,0.098,6
I,0.5,0.375,0.12,0.542,0.215,0.11599999999999999,0.17,9
I,0.51,0.405,0.125,0.6795,0.3465,0.1395,0.182,8
I,0.525,0.4,0.13,0.6455,0.325,0.1245,0.17,8
M,0.525,0.405,0.12,0.7555,0.3755,0.1555,0.201,9
I,0.535,0.39,0.125,0.599,0.2595,0.149,0.16899999999999998,9
M,0.545,0.41,0.12,0.7929999999999999,0.434,0.1405,0.19,9
F,0.55,0.415,0.135,0.8145,0.42700000000000005,0.1855,0.175,8
M,0.565,0.455,0.15,0.9595,0.4565,0.2395,0.23,9
M,0.575,0.455,0.135,0.907,0.4245,0.19699999999999998,0.26,9
M,0.575,0.445,0.17,1.0225,0.5489999999999999,0.2175,0.228,9
M,0.58,0.445,0.135,0.8140000000000001,0.3775,0.1915,0.22,9
M,0.605,0.475,0.14,1.1175,0.555,0.257,0.27399999999999997,9
M,0.61,0.485,0.16,1.0145,0.5315,0.212,0.2415,8
M,0.625,0.48,0.185,1.2065,0.5870000000000001,0.29,0.28600000000000003,8
M,0.63,0.5,0.175,1.2645,0.5635,0.3065,0.3425,10
F,0.635,0.495,0.015,1.1565,0.5115,0.308,0.2885,9
M,0.65,0.5,0.155,1.202,0.565,0.3135,0.294,11
M,0.655,0.515,0.16,1.31,0.5529999999999999,0.369,0.345,11
F,0.655,0.51,0.175,1.415,0.5885,0.3725,0.364,10
F,0.705,0.55,0.17,1.219,0.6395,0.23600000000000002,0.301,9
F,0.75,0.57,0.21,2.2359999999999998,1.109,0.5195,0.545,11
I,0.345,0.255,0.085,0.2005,0.105,0.037000000000000005,0.05,5
I,0.35,0.255,0.09,0.1785,0.0855,0.0305,0.0525,8
I,0.375,0.29,0.085,0.2385,0.11800000000000001,0.045,0.0695,7
I,0.375,0.275,0.09,0.218,0.09300000000000001,0.0405,0.0755,6
I,0.38,0.275,0.11,0.256,0.11,0.0535,0.0755,6
I,0.39,0.3,0.095,0.3265,0.1665,0.0575,0.08900000000000001,7
I,0.395,0.305,0.105,0.284,0.1135,0.0595,0.0945,8
I,0.395,0.295,0.095,0.2725,0.115,0.0625,0.085,8
I,0.395,0.27,0.1,0.2985,0.1445,0.061,0.08199999999999999,5
I,0.4,0.29,0.1,0.2675,0.1205,0.0605,0.0765,5
I,0.41,0.335,0.11,0.33,0.157,0.0705,0.17,7
I,0.425,0.32,0.1,0.3055,0.126,0.06,0.106,7
I,0.43,0.34,0.0,0.428,0.2065,0.086,0.115,8
I,0.455,0.345,0.105,0.4005,0.16399999999999998,0.0755,0.126,8
I,0.475,0.355,0.1,0.5035,0.2535,0.091,0.14,8
M,0.495,0.395,0.12,0.5529999999999999,0.22399999999999998,0.1375,0.16699999999999998,8
I,0.5,0.375,0.125,0.5695,0.259,0.124,0.157,7
I,0.515,0.42,0.135,0.711,0.337,0.14400000000000002,0.205,13
I,0.515,0.4,0.135,0.6965,0.32,0.1255,0.175,9
F,0.54,0.42,0.145,0.8655,0.4315,0.163,0.2175,10
F,0.545,0.445,0.15,0.8,0.3535,0.163,0.207,9
I,0.545,0.43,0.15,0.7285,0.302,0.1315,0.2545,10
I,0.56,0.425,0.145,0.688,0.3095,0.1305,0.2165,9
I,0.56,0.455,0.145,0.9740000000000001,0.547,0.1615,0.235,9
I,0.57,0.45,0.145,0.7509999999999999,0.2825,0.2195,0.2215,10
M,0.585,0.475,0.15,1.065,0.5315,0.19899999999999998,0.2885,10
M,0.585,0.45,0.18,0.7995,0.336,0.1855,0.237,8
I,0.59,0.445,0.135,0.7715,0.32799999999999996,0.1745,0.23,9
F,0.595,0.465,0.155,1.026,0.4645,0.11199999999999999,0.305,12
F,0.6,0.465,0.155,1.04,0.4755,0.25,0.28,11
M,0.605,0.49,0.14,0.9755,0.419,0.20600000000000002,0.315,10
I,0.605,0.435,0.13,0.9025,0.43200000000000005,0.174,0.26,11
M,0.61,0.45,0.15,0.871,0.40700000000000003,0.1835,0.25,10
F,0.625,0.48,0.155,1.2035,0.5865,0.239,0.3185,12
I,0.63,0.505,0.18,1.272,0.6025,0.295,0.315,11
I,0.63,0.475,0.145,1.0605,0.5165,0.2195,0.28,10
F,0.635,0.5,0.165,1.4595,0.705,0.2645,0.39,9
F,0.635,0.495,0.175,1.2109999999999999,0.7070000000000001,0.2725,0.32299999999999995,9
M,0.635,0.475,0.17,1.1935,0.5205,0.2695,0.3665,10
M,0.645,0.525,0.16,1.5075,0.7455,0.245,0.4325,11
M,0.65,0.51,0.19,1.5419999999999998,0.7155,0.3735,0.375,9
M,0.655,0.535,0.205,1.6445,0.7305,0.3595,0.46,13
M,0.655,0.49,0.175,1.3585,0.6395,0.294,0.365,10
F,0.73,0.58,0.19,1.7375,0.6785,0.4345,0.52,11
I,0.37,0.27,0.095,0.23199999999999998,0.1325,0.040999999999999995,0.0615,6
M,0.415,0.315,0.115,0.3895,0.2015,0.065,0.10300000000000001,9
M,0.45,0.335,0.125,0.4475,0.2165,0.126,0.11,6
I,0.455,0.335,0.135,0.501,0.27399999999999997,0.0995,0.1065,7
I,0.46,0.355,0.11,0.436,0.1975,0.096,0.125,8
F,0.475,0.365,0.115,0.5660000000000001,0.281,0.11699999999999999,0.1335,7
I,0.48,0.36,0.125,0.542,0.2795,0.1025,0.147,7
M,0.485,0.39,0.085,0.6435,0.2945,0.10300000000000001,0.198,8
F,0.495,0.38,0.12,0.573,0.2655,0.1285,0.14400000000000002,7
M,0.52,0.4,0.125,0.5589999999999999,0.254,0.139,0.149,8
F,0.55,0.43,0.14,0.84,0.375,0.218,0.1945,8
F,0.56,0.435,0.15,0.8715,0.4755,0.1835,0.1835,9
M,0.59,0.44,0.15,0.8725,0.387,0.215,0.245,8
F,0.59,0.465,0.15,1.151,0.613,0.239,0.2515,9
M,0.6,0.455,0.155,0.945,0.4365,0.2085,0.25,8
M,0.6,0.465,0.2,1.2590000000000001,0.6405,0.1985,0.35700000000000004,9
F,0.605,0.515,0.17,1.2890000000000001,0.6,0.2945,0.3315,9
F,0.61,0.485,0.17,1.1005,0.5125,0.22899999999999998,0.305,11
M,0.62,0.48,0.165,1.0725,0.4815,0.235,0.312,9
M,0.625,0.52,0.175,1.4105,0.691,0.322,0.3465,10
M,0.625,0.47,0.18,1.136,0.451,0.3245,0.305,11
F,0.63,0.5,0.175,1.1105,0.467,0.268,0.32899999999999996,10
M,0.67,0.545,0.2,1.7025,0.833,0.374,0.41,11
M,0.69,0.525,0.2,1.7825,0.9165,0.3325,0.461,12
M,0.74,0.57,0.18,1.8725,0.9115,0.42700000000000005,0.446,10
I,0.285,0.21,0.055,0.10099999999999999,0.0415,0.017,0.0335,5
I,0.295,0.215,0.07,0.121,0.047,0.0155,0.0405,6
I,0.305,0.225,0.09,0.1465,0.063,0.034,0.0415,6
I,0.355,0.26,0.09,0.1985,0.0715,0.0495,0.057999999999999996,7
I,0.36,0.27,0.095,0.2,0.073,0.055999999999999994,0.061,8
I,0.385,0.3,0.09,0.308,0.1525,0.055999999999999994,0.0835,8
I,0.475,0.36,0.125,0.4905,0.205,0.1305,0.125,8
I,0.48,0.37,0.12,0.536,0.251,0.114,0.15,8
I,0.54,0.42,0.14,0.6275,0.2505,0.1175,0.235,9
I,0.55,0.425,0.15,0.639,0.26899999999999996,0.1345,0.217,9
I,0.55,0.42,0.135,0.816,0.3995,0.1485,0.23,12
F,0.565,0.44,0.15,0.863,0.435,0.149,0.27,9
M,0.565,0.44,0.125,0.802,0.3595,0.1825,0.215,9
F,0.57,0.45,0.135,0.7805,0.3345,0.185,0.21,8
I,0.57,0.445,0.155,0.867,0.3705,0.1705,0.28,9
M,0.575,0.455,0.165,0.867,0.3765,0.1805,0.268,8
I,0.575,0.425,0.135,0.7965,0.364,0.196,0.239,10
M,0.575,0.47,0.185,0.985,0.3745,0.2175,0.355,10
M,0.58,0.46,0.155,1.0335,0.469,0.2225,0.295,10
F,0.585,0.445,0.14,0.9129999999999999,0.4305,0.2205,0.253,10
I,0.6,0.48,0.17,0.9175,0.38,0.2225,0.29,8
F,0.605,0.505,0.18,1.4340000000000002,0.7285,0.264,0.431,11
I,0.61,0.465,0.125,0.9225,0.436,0.19,0.26,9
I,0.62,0.485,0.18,1.1540000000000001,0.4935,0.256,0.315,12
M,0.62,0.48,0.15,1.266,0.6285,0.2575,0.309,12
F,0.62,0.48,0.175,1.0405,0.46399999999999997,0.2225,0.3,9
M,0.625,0.49,0.165,1.1165,0.4895,0.2615,0.3325,11
M,0.625,0.5,0.17,1.0985,0.4645,0.22,0.354,9
F,0.625,0.485,0.175,1.3619999999999999,0.6765,0.2615,0.3705,10
F,0.63,0.5,0.18,1.1965,0.514,0.2325,0.3995,8
I,0.635,0.5,0.165,1.489,0.715,0.3445,0.3615,13
M,0.635,0.5,0.17,1.4345,0.611,0.309,0.418,12
M,0.645,0.505,0.15,1.1605,0.519,0.2615,0.335,10
M,0.645,0.51,0.16,1.33,0.6665,0.309,0.317,9
F,0.645,0.51,0.16,1.2415,0.5815,0.276,0.315,9
F,0.645,0.51,0.19,1.3630000000000002,0.573,0.36200000000000004,0.36,10
M,0.645,0.485,0.15,1.2215,0.5695,0.2735,0.33,9
F,0.645,0.48,0.19,1.371,0.6925,0.2905,0.35,12
F,0.65,0.495,0.155,1.337,0.615,0.3195,0.335,9
M,0.65,0.525,0.185,1.4880000000000002,0.665,0.337,0.37799999999999995,11
M,0.665,0.5,0.175,1.2975,0.6075,0.314,0.315,9
M,0.68,0.52,0.195,1.4535,0.5920000000000001,0.391,0.4125,10
M,0.72,0.55,0.205,2.125,1.1455,0.4425,0.511,13
F,0.72,0.525,0.18,1.445,0.631,0.3215,0.435,7
I,0.375,0.245,0.1,0.39399999999999996,0.166,0.091,0.1125,6
M,0.465,0.36,0.115,0.5795,0.295,0.1395,0.12,7
M,0.485,0.37,0.155,0.968,0.419,0.2455,0.2365,9
I,0.485,0.345,0.16,0.8690000000000001,0.3085,0.185,0.319,9
M,0.515,0.395,0.135,1.0070000000000001,0.47200000000000003,0.2495,0.252,8
M,0.55,0.42,0.16,1.3405,0.6325,0.311,0.344,10
F,0.58,0.43,0.17,1.48,0.6535,0.324,0.4155,10
M,0.625,0.495,0.175,1.254,0.5815,0.28600000000000003,0.3185,9
F,0.635,0.475,0.15,1.1845,0.5329999999999999,0.307,0.29100000000000004,10
M,0.645,0.5,0.16,1.3815,0.672,0.326,0.315,9
M,0.65,0.485,0.16,1.7395,0.5715,0.2785,0.3075,10
M,0.655,0.545,0.19,1.4245,0.6325,0.33299999999999996,0.37799999999999995,10
F,0.705,0.545,0.18,1.5395,0.6075,0.3675,0.4645,13
I,0.41,0.335,0.105,0.3305,0.1405,0.064,0.105,7
I,0.42,0.325,0.1,0.368,0.1675,0.0625,0.1135,11
I,0.445,0.33,0.11,0.358,0.1525,0.067,0.1185,8
I,0.465,0.37,0.11,0.445,0.1635,0.096,0.166,7
I,0.485,0.385,0.13,0.568,0.2505,0.17800000000000002,0.154,7
I,0.495,0.38,0.135,0.5095,0.2065,0.1165,0.165,8
I,0.495,0.375,0.14,0.494,0.18100000000000002,0.0975,0.191,8
I,0.5,0.38,0.11,0.5605,0.28,0.106,0.15,9
I,0.525,0.415,0.12,0.596,0.2805,0.12,0.1695,9
I,0.525,0.4,0.145,0.6095,0.248,0.159,0.175,9
I,0.545,0.425,0.14,0.8145,0.305,0.231,0.244,10
I,0.55,0.45,0.13,0.804,0.3375,0.1405,0.23,6
M,0.555,0.435,0.14,0.7495,0.341,0.1645,0.214,8
M,0.555,0.4,0.13,0.7075,0.332,0.1585,0.18,7
M,0.565,0.455,0.155,0.9355,0.42100000000000004,0.183,0.26,11
M,0.565,0.45,0.16,0.895,0.415,0.195,0.24600000000000002,9
M,0.57,0.455,0.155,0.8320000000000001,0.3585,0.174,0.27699999999999997,11
M,0.575,0.45,0.13,0.785,0.318,0.193,0.2265,9
M,0.575,0.45,0.155,0.9765,0.495,0.2145,0.235,9
I,0.575,0.45,0.135,0.8715,0.45,0.162,0.225,10
F,0.6,0.465,0.16,1.133,0.466,0.2885,0.298,11
M,0.605,0.47,0.18,1.1155,0.479,0.2565,0.321,10
F,0.61,0.46,0.155,0.9570000000000001,0.4255,0.1975,0.265,8
M,0.615,0.47,0.15,1.0875,0.4975,0.28300000000000003,0.2685,9
M,0.62,0.49,0.15,1.195,0.4605,0.302,0.355,9
M,0.62,0.485,0.155,1.0295,0.425,0.2315,0.335,12
F,0.635,0.52,0.165,1.3405,0.5065,0.29600000000000004,0.41200000000000003,11
M,0.635,0.515,0.165,1.229,0.5055,0.2975,0.3535,10
M,0.655,0.52,0.17,1.1445,0.53,0.223,0.348,9
M,0.68,0.54,0.19,1.6230000000000002,0.7165,0.354,0.4715,12
F,0.7,0.575,0.205,1.7730000000000001,0.605,0.447,0.5379999999999999,13
F,0.705,0.535,0.22,1.8659999999999999,0.929,0.3835,0.4395,10
I,0.135,0.13,0.04,0.028999999999999998,0.0125,0.0065,0.008,4
I,0.28,0.21,0.075,0.1195,0.053,0.0265,0.03,6
I,0.28,0.2,0.065,0.0895,0.036000000000000004,0.0185,0.03,7
I,0.29,0.21,0.065,0.09699999999999999,0.0375,0.022000000000000002,0.03,6
I,0.35,0.25,0.07,0.1605,0.0715,0.0335,0.046,6
I,0.36,0.27,0.085,0.2185,0.1065,0.038,0.062,6
I,0.36,0.27,0.085,0.196,0.0905,0.034,0.053,7
I,0.375,0.275,0.085,0.22,0.109,0.05,0.0605,7
I,0.43,0.32,0.11,0.3675,0.1675,0.102,0.105,8
I,0.51,0.455,0.135,0.6855,0.2875,0.154,0.2035,9
M,0.515,0.4,0.14,0.6335,0.28800000000000003,0.145,0.168,9
M,0.525,0.41,0.13,0.6875,0.3435,0.1495,0.1765,9
M,0.565,0.445,0.145,0.9255,0.4345,0.212,0.2475,9
F,0.57,0.435,0.15,0.8295,0.3875,0.156,0.245,10
I,0.325,0.24,0.07,0.152,0.0565,0.0305,0.054000000000000006,8
I,0.385,0.28,0.1,0.2755,0.1305,0.061,0.0725,8
M,0.5,0.39,0.135,0.7815,0.361,0.1575,0.2385,9
F,0.5,0.38,0.14,0.6355,0.27699999999999997,0.14300000000000002,0.1785,8
M,0.535,0.42,0.125,0.738,0.355,0.1895,0.1795,8
F,0.54,0.385,0.14,0.7655,0.3265,0.11599999999999999,0.2365,10
F,0.565,0.44,0.135,0.83,0.39299999999999996,0.1735,0.23800000000000002,9
F,0.61,0.43,0.14,0.909,0.43799999999999994,0.2,0.22,8
M,0.61,0.48,0.165,1.2435,0.5575,0.2675,0.37200000000000005,8
M,0.645,0.495,0.15,1.2095,0.603,0.2225,0.33899999999999997,9
M,0.685,0.55,0.2,1.7725,0.813,0.387,0.49,11
F,0.71,0.5,0.15,1.3165,0.6835,0.2815,0.28,10
M,0.775,0.57,0.22,2.032,0.735,0.4755,0.6585,17
F,0.505,0.39,0.115,0.66,0.3045,0.1555,0.175,8
F,0.675,0.55,0.18,1.6885,0.562,0.3705,0.6,15
M,0.525,0.405,0.13,0.7185,0.3265,0.1975,0.175,8
I,0.475,0.36,0.11,0.4555,0.177,0.0965,0.145,9
M,0.385,0.295,0.095,0.335,0.147,0.094,0.09,7
F,0.5,0.4,0.125,0.5765,0.2395,0.126,0.185,10
M,0.595,0.47,0.15,0.8915,0.359,0.2105,0.245,12
M,0.565,0.425,0.1,0.7145,0.3055,0.166,0.18,12
F,0.59,0.455,0.175,0.966,0.391,0.2455,0.31,10
F,0.45,0.36,0.125,0.5065,0.222,0.105,0.16,10
M,0.61,0.5,0.165,1.2715,0.4915,0.185,0.49,12
M,0.62,0.495,0.175,1.806,0.643,0.3285,0.725,17
M,0.335,0.235,0.085,0.1545,0.066,0.0345,0.045,6
I,0.19,0.13,0.03,0.0295,0.0155,0.015,0.01,6
M,0.595,0.465,0.125,0.799,0.3245,0.2,0.23,10
F,0.595,0.47,0.25,1.2830000000000001,0.462,0.2475,0.445,14
F,0.52,0.4,0.125,0.6865,0.295,0.1715,0.185,9
I,0.215,0.17,0.055,0.0605,0.0205,0.013999999999999999,0.02,6
F,0.65,0.515,0.195,1.4005,0.5195,0.36,0.44,13
M,0.57,0.405,0.16,0.9245,0.3445,0.2185,0.295,19
M,0.615,0.48,0.19,1.36,0.5305,0.2375,0.47,18
I,0.275,0.22,0.08,0.1365,0.0565,0.0285,0.042,6
F,0.29,0.225,0.075,0.14,0.0515,0.0235,0.04,5
M,0.42,0.34,0.115,0.4215,0.175,0.09300000000000001,0.135,8
F,0.55,0.465,0.18,1.2125,0.3245,0.205,0.525,27
F,0.455,0.35,0.14,0.5725,0.1965,0.1325,0.175,10
I,0.33,0.26,0.08,0.19,0.0765,0.0385,0.065,7
F,0.515,0.415,0.13,0.764,0.276,0.196,0.25,13
M,0.58,0.465,0.175,1.035,0.401,0.1865,0.385,17
I,0.355,0.28,0.11,0.2235,0.0815,0.0525,0.08,7
F,0.645,0.5,0.2,1.4285,0.639,0.305,0.36,11
M,0.65,0.495,0.18,1.7930000000000001,0.8005,0.33899999999999997,0.53,14
F,0.61,0.48,0.175,1.0675,0.391,0.21600000000000003,0.42,15
M,0.635,0.51,0.21,1.598,0.6535,0.2835,0.58,15
M,0.44,0.375,0.13,0.48700000000000004,0.226,0.0965,0.155,9
F,0.465,0.375,0.135,0.6,0.2225,0.129,0.23,16
M,0.455,0.355,0.13,0.515,0.2,0.1275,0.175,11
I,0.4,0.31,0.1,0.2875,0.1145,0.0635,0.095,10
M,0.53,0.435,0.135,0.7365,0.3275,0.1315,0.22,12
F,0.665,0.535,0.19,1.496,0.5775,0.2815,0.475,17
M,0.475,0.395,0.135,0.5920000000000001,0.2465,0.1645,0.2,13
F,0.525,0.425,0.145,0.7995,0.3345,0.209,0.24,15
F,0.515,0.42,0.135,0.6295,0.2815,0.127,0.215,9
M,0.56,0.455,0.165,0.86,0.4015,0.1695,0.245,11
M,0.64,0.52,0.2,1.4069999999999998,0.5660000000000001,0.304,0.455,17
F,0.72,0.56,0.175,1.7265,0.637,0.3415,0.525,17
M,0.635,0.495,0.15,1.081,0.4825,0.242,0.31,11
M,0.65,0.545,0.16,1.2425,0.48700000000000004,0.29600000000000004,0.48,15
F,0.405,0.325,0.11,0.3575,0.145,0.0725,0.11,12
I,0.415,0.325,0.115,0.3285,0.1405,0.051,0.106,12
F,0.36,0.265,0.09,0.2165,0.096,0.037000000000000005,0.0735,10
F,0.44,0.345,0.105,0.4285,0.165,0.083,0.132,11
M,0.42,0.34,0.125,0.4495,0.165,0.1125,0.14400000000000002,11
M,0.37,0.29,0.09,0.24100000000000002,0.11,0.045,0.069,10
I,0.625,0.465,0.155,0.972,0.40399999999999997,0.1845,0.35,14
F,0.53,0.43,0.17,0.775,0.35,0.152,0.235,17
I,0.445,0.33,0.1,0.43700000000000006,0.163,0.0755,0.17,13
F,0.585,0.415,0.155,0.6985,0.3,0.146,0.195,12
M,0.29,0.225,0.08,0.1295,0.0535,0.026000000000000002,0.045,10
I,0.555,0.455,0.17,0.8435,0.309,0.1905,0.3,15
F,0.465,0.36,0.12,0.4765,0.192,0.1125,0.16,10
I,0.52,0.415,0.16,0.595,0.2105,0.142,0.26,15
I,0.565,0.435,0.155,0.782,0.2715,0.168,0.285,14
F,0.635,0.5,0.18,1.3119999999999998,0.529,0.2485,0.485,18
M,0.465,0.355,0.125,0.5255,0.2025,0.135,0.145,13
F,0.445,0.335,0.14,0.4565,0.1785,0.114,0.14,11
M,0.5,0.38,0.135,0.5835,0.2295,0.1265,0.18,12
M,0.445,0.35,0.14,0.5905,0.2025,0.158,0.19,14
M,0.51,0.415,0.14,0.8185,0.3025,0.2155,0.235,16
M,0.645,0.515,0.175,1.6115,0.6745,0.384,0.385,14
M,0.57,0.42,0.155,1.008,0.377,0.193,0.34,13
F,0.49,0.4,0.145,0.6635,0.21,0.1295,0.2515,13
M,0.49,0.39,0.135,0.5920000000000001,0.242,0.096,0.1835,15
I,0.42,0.31,0.1,0.2865,0.115,0.0735,0.085,8
F,0.52,0.4,0.13,0.6245,0.215,0.2065,0.17,15
I,0.375,0.3,0.075,0.14400000000000002,0.059000000000000004,0.03,0.044000000000000004,7
I,0.42,0.32,0.1,0.34,0.1745,0.05,0.0945,8
M,0.465,0.375,0.11,0.5,0.21,0.113,0.1505,8
I,0.475,0.365,0.12,0.53,0.2505,0.0975,0.1625,10
M,0.48,0.37,0.135,0.6315,0.3445,0.1015,0.161,7
M,0.545,0.45,0.15,0.8795,0.387,0.15,0.2625,11
F,0.625,0.49,0.155,1.33,0.6675,0.259,0.33,10
M,0.63,0.5,0.185,1.3619999999999999,0.5785,0.3125,0.384,10
F,0.64,0.5,0.18,1.4995,0.593,0.314,0.431,11
F,0.7,0.525,0.19,1.6015,0.7070000000000001,0.365,0.43,10
I,0.205,0.15,0.065,0.04,0.02,0.011000000000000001,0.013000000000000001,4
I,0.37,0.29,0.08,0.2545,0.10800000000000001,0.0565,0.07,6
I,0.45,0.35,0.125,0.4775,0.2235,0.08900000000000001,0.11800000000000001,6
I,0.45,0.35,0.12,0.46799999999999997,0.2005,0.1065,0.1325,8
M,0.5,0.375,0.145,0.6215,0.27399999999999997,0.166,0.1485,7
M,0.54,0.435,0.14,0.7345,0.33,0.1595,0.213,9
F,0.55,0.425,0.125,0.9640000000000001,0.5475,0.159,0.215,8
F,0.555,0.425,0.14,0.963,0.44,0.22399999999999998,0.24,7
M,0.59,0.465,0.14,1.046,0.4695,0.263,0.263,7
F,0.595,0.47,0.155,1.1775,0.542,0.26899999999999996,0.31,9
F,0.595,0.465,0.15,1.0255,0.41200000000000003,0.2745,0.289,11
F,0.6,0.46,0.145,0.9325,0.3985,0.2245,0.248,8
F,0.63,0.495,0.2,1.4255,0.659,0.336,0.38,11
F,0.635,0.495,0.18,1.5959999999999999,0.617,0.317,0.37,11
F,0.635,0.495,0.195,1.297,0.556,0.2985,0.37,11
M,0.645,0.49,0.16,1.251,0.5355,0.3345,0.3165,9
M,0.645,0.5,0.175,1.5105,0.6735,0.3755,0.3775,12
M,0.69,0.54,0.185,1.71,0.7725,0.3855,0.4325,8
I,0.46,0.345,0.11,0.3755,0.1525,0.057999999999999996,0.125,7
I,0.475,0.375,0.115,0.5205,0.233,0.11900000000000001,0.1455,7
I,0.495,0.38,0.12,0.512,0.233,0.1205,0.136,7
M,0.505,0.4,0.135,0.723,0.377,0.149,0.17800000000000002,7
I,0.51,0.395,0.155,0.5395,0.2465,0.1085,0.16699999999999998,8
I,0.51,0.385,0.15,0.625,0.3095,0.11900000000000001,0.1725,8
I,0.515,0.4,0.125,0.5925,0.265,0.1175,0.168,9
F,0.545,0.43,0.14,0.8320000000000001,0.4355,0.17,0.201,9
M,0.65,0.515,0.125,1.1805,0.5235,0.28300000000000003,0.3275,9
M,0.65,0.52,0.175,1.2655,0.615,0.2775,0.336,9
F,0.665,0.505,0.165,1.349,0.5985,0.3175,0.36,9
F,0.675,0.55,0.19,1.551,0.7105,0.3685,0.41200000000000003,13
I,0.25,0.175,0.06,0.0635,0.0275,0.008,0.02,4
I,0.29,0.215,0.065,0.0985,0.0425,0.021,0.031,5
I,0.345,0.255,0.095,0.183,0.075,0.0385,0.06,6
I,0.375,0.29,0.14,0.3,0.14,0.0625,0.0825,8
I,0.385,0.3,0.125,0.34299999999999997,0.1705,0.0735,0.081,7
I,0.41,0.325,0.11,0.326,0.1325,0.075,0.10099999999999999,8
I,0.455,0.34,0.115,0.486,0.261,0.0655,0.1315,8
I,0.475,0.355,0.115,0.5195,0.27899999999999997,0.08800000000000001,0.1325,7
M,0.515,0.41,0.14,0.7355,0.3065,0.13699999999999998,0.2,7
I,0.525,0.375,0.12,0.6315,0.3045,0.114,0.19,9
M,0.535,0.43,0.155,0.7845,0.3285,0.16899999999999998,0.245,10
F,0.545,0.44,0.15,0.9475,0.366,0.239,0.275,8
I,0.55,0.43,0.145,0.7120000000000001,0.3025,0.152,0.225,10
I,0.55,0.425,0.145,0.89,0.4325,0.171,0.23600000000000002,10
I,0.56,0.44,0.14,0.825,0.402,0.139,0.245,10
I,0.565,0.43,0.15,0.8215,0.332,0.1685,0.29,11
M,0.58,0.44,0.175,1.2255,0.5405,0.2705,0.3265,10
F,0.61,0.45,0.13,0.8725,0.389,0.1715,0.272,11
F,0.62,0.465,0.14,1.1605,0.6005,0.2195,0.307,9
M,0.63,0.505,0.175,1.2209999999999999,0.555,0.252,0.34,12
F,0.63,0.475,0.155,1.0005,0.452,0.252,0.265,10
M,0.64,0.495,0.17,1.139,0.5395,0.282,0.285,10
M,0.64,0.515,0.08,1.042,0.515,0.1755,0.175,10
M,0.65,0.51,0.175,1.446,0.6485,0.2705,0.45,12
M,0.7,0.54,0.205,1.74,0.7885,0.373,0.4865,13
I,0.32,0.235,0.09,0.183,0.098,0.0335,0.042,7
I,0.375,0.265,0.095,0.196,0.085,0.042,0.0585,5
I,0.39,0.29,0.09,0.2625,0.11699999999999999,0.054000000000000006,0.077,7
I,0.46,0.365,0.115,0.511,0.2365,0.11800000000000001,0.12300000000000001,7
I,0.5,0.375,0.12,0.529,0.2235,0.12300000000000001,0.16,8
F,0.54,0.415,0.15,0.8115,0.3875,0.1875,0.2035,9
M,0.59,0.47,0.155,1.1735,0.6245,0.233,0.2595,9
M,0.59,0.485,0.155,1.0785,0.4535,0.2435,0.31,9
M,0.625,0.5,0.13,1.082,0.5785,0.2045,0.25,8
F,0.645,0.49,0.16,1.1665,0.4935,0.3155,0.299,9
F,0.72,0.55,0.18,1.52,0.637,0.325,0.435,10
M,0.735,0.57,0.21,2.2355,1.1705,0.46299999999999997,0.5315,10
I,0.31,0.23,0.07,0.1245,0.0505,0.0265,0.038,6
I,0.41,0.305,0.095,0.2625,0.1,0.0515,0.09,6
I,0.425,0.34,0.1,0.371,0.15,0.0865,0.115,8
I,0.445,0.31,0.09,0.336,0.1555,0.09,0.0855,7
F,0.465,0.35,0.11,0.4085,0.165,0.102,0.131,8
I,0.505,0.425,0.125,0.6115,0.245,0.1375,0.2,9
I,0.51,0.4,0.125,0.5935,0.239,0.13,0.204,8
I,0.54,0.415,0.11,0.619,0.2755,0.15,0.1765,10
I,0.55,0.435,0.165,0.804,0.34,0.19399999999999998,0.244,8
I,0.55,0.425,0.13,0.664,0.2695,0.163,0.21,8
I,0.56,0.435,0.13,0.777,0.354,0.17300000000000001,0.222,9
M,0.575,0.45,0.165,0.9655,0.498,0.19,0.23,8
M,0.58,0.46,0.15,1.0490000000000002,0.5205,0.1935,0.305,10
M,0.595,0.46,0.17,1.1295,0.57,0.2555,0.265,10
F,0.605,0.495,0.17,1.0915,0.4365,0.2715,0.335,13
F,0.61,0.47,0.195,1.2735,0.469,0.3315,0.39799999999999996,12
I,0.61,0.49,0.16,1.1545,0.5865,0.2385,0.2915,11
M,0.62,0.475,0.195,1.3585,0.5935,0.3365,0.3745,10
F,0.63,0.485,0.185,1.167,0.5479999999999999,0.2485,0.34,10
M,0.63,0.51,0.17,1.1885,0.4915,0.3065,0.348,7
M,0.635,0.485,0.18,1.1795,0.4785,0.2775,0.355,10
F,0.645,0.52,0.17,1.197,0.526,0.2925,0.317,11
F,0.66,0.525,0.18,1.5965,0.7765,0.397,0.3605,10
I,0.67,0.485,0.175,1.2565,0.5355,0.322,0.386,9
I,0.43,0.33,0.1,0.449,0.254,0.0825,0.09699999999999999,6
M,0.485,0.365,0.155,1.0290000000000001,0.4235,0.2285,0.313,8
M,0.49,0.355,0.155,0.981,0.465,0.2015,0.2505,8
F,0.51,0.37,0.21,1.183,0.508,0.292,0.34299999999999997,9
M,0.555,0.425,0.15,0.873,0.4625,0.1845,0.1965,9
M,0.56,0.425,0.135,0.9415,0.509,0.2015,0.1975,9
I,0.595,0.43,0.165,0.9845,0.4525,0.207,0.2725,8
F,0.595,0.43,0.21,1.5245,0.653,0.396,0.41,11
M,0.61,0.485,0.17,1.281,0.597,0.3035,0.33,9
F,0.635,0.525,0.18,1.3695,0.634,0.318,0.363,11
I,0.435,0.335,0.105,0.3535,0.156,0.05,0.1135,7
I,0.44,0.32,0.105,0.3875,0.1755,0.07400000000000001,0.12,9
I,0.45,0.34,0.125,0.4045,0.171,0.07,0.1345,8
M,0.535,0.41,0.12,0.6835,0.3125,0.1655,0.159,8
I,0.565,0.44,0.135,0.768,0.3305,0.1385,0.2475,9
M,0.57,0.45,0.145,0.95,0.4005,0.2235,0.2845,10
M,0.575,0.47,0.15,0.9785,0.4505,0.196,0.276,9
I,0.59,0.47,0.145,0.9740000000000001,0.45299999999999996,0.23600000000000002,0.289,8
F,0.6,0.45,0.14,0.8690000000000001,0.3425,0.195,0.29100000000000004,11
I,0.62,0.475,0.16,0.907,0.371,0.16699999999999998,0.3075,11
F,0.64,0.5,0.15,1.2015,0.5589999999999999,0.231,0.3355,9
M,0.65,0.51,0.175,1.3165,0.6345,0.2605,0.364,12
M,0.665,0.525,0.155,1.3575,0.5325,0.3045,0.4485,10
F,0.68,0.52,0.185,1.494,0.615,0.3935,0.406,11
M,0.71,0.56,0.175,1.724,0.5660000000000001,0.4575,0.4625,13
F,0.73,0.55,0.205,1.9080000000000001,0.5415,0.3565,0.5965,14
F,0.755,0.575,0.2,2.073,1.0135,0.4655,0.48,11
M,0.495,0.38,0.12,0.474,0.19699999999999998,0.1065,0.1545,10
F,0.52,0.43,0.15,0.728,0.302,0.1575,0.235,11
M,0.53,0.415,0.12,0.706,0.3355,0.1635,0.1345,9
I,0.38,0.29,0.085,0.2285,0.08800000000000001,0.0465,0.075,7
I,0.41,0.325,0.105,0.361,0.1605,0.0665,0.10300000000000001,8
I,0.415,0.32,0.115,0.3045,0.1215,0.0735,0.094,7
I,0.44,0.34,0.1,0.379,0.1725,0.0815,0.10099999999999999,7
M,0.465,0.405,0.135,0.7775,0.436,0.1715,0.1455,10
F,0.525,0.4,0.135,0.7140000000000001,0.318,0.138,0.20800000000000002,10
M,0.67,0.515,0.165,1.1735,0.526,0.285,0.316,11
M,0.675,0.505,0.16,1.5319999999999998,0.74,0.35700000000000004,0.3815,11
I,0.335,0.26,0.09,0.1835,0.078,0.024,0.065,11
I,0.2,0.15,0.04,0.046,0.021,0.006999999999999999,0.0065,4
F,0.655,0.505,0.165,1.367,0.5835,0.3515,0.396,10
F,0.47,0.375,0.105,0.513,0.23199999999999998,0.142,0.13,11
M,0.505,0.395,0.125,0.635,0.29,0.1555,0.175,9
M,0.535,0.44,0.165,0.875,0.27899999999999997,0.18,0.3,10
M,0.55,0.435,0.11,0.8059999999999999,0.3415,0.203,0.215,9
F,0.49,0.38,0.13,0.539,0.22899999999999998,0.1355,0.165,12
F,0.37,0.295,0.1,0.2685,0.1165,0.055999999999999994,0.0835,7
M,0.5,0.385,0.135,0.551,0.2245,0.0715,0.20600000000000002,11
M,0.565,0.44,0.115,0.9185,0.40399999999999997,0.1785,0.29,11
F,0.67,0.545,0.175,1.7069999999999999,0.6995,0.387,0.575,13
I,0.31,0.235,0.075,0.1515,0.055999999999999994,0.0315,0.05,7
M,0.45,0.335,0.14,0.478,0.1865,0.115,0.16,11
F,0.49,0.38,0.155,0.578,0.2395,0.1255,0.18,9
F,0.505,0.405,0.16,0.6835,0.271,0.145,0.215,10
F,0.385,0.3,0.1,0.2725,0.1115,0.057,0.08,6
F,0.665,0.53,0.185,1.3955,0.456,0.3205,0.49,15
M,0.335,0.265,0.095,0.1975,0.0795,0.0375,0.07,9
M,0.565,0.45,0.14,1.0055,0.3785,0.244,0.265,12
F,0.6,0.48,0.165,1.1345,0.4535,0.27,0.335,10
I,0.44,0.35,0.12,0.375,0.1425,0.0965,0.115,9
F,0.42,0.32,0.13,0.4135,0.1645,0.106,0.11900000000000001,10
F,0.655,0.51,0.16,1.092,0.396,0.2825,0.37,14
M,0.595,0.5,0.165,1.06,0.402,0.28,0.275,11
F,0.435,0.35,0.125,0.45899999999999996,0.19699999999999998,0.1145,0.145,9
M,0.48,0.38,0.135,0.528,0.2,0.1395,0.16,14
M,0.465,0.36,0.125,0.4365,0.16899999999999998,0.1075,0.145,11
M,0.69,0.54,0.185,1.6195,0.5329999999999999,0.353,0.555,24
F,0.51,0.395,0.12,0.6175,0.262,0.122,0.193,12
M,0.59,0.45,0.12,0.7485,0.3345,0.1315,0.22,14
F,0.62,0.485,0.165,1.166,0.483,0.23800000000000002,0.355,13
F,0.48,0.37,0.13,0.5885,0.2475,0.1505,0.1595,15
I,0.55,0.415,0.135,0.8095,0.2985,0.2015,0.28,12
I,0.66,0.525,0.18,1.6935,0.6025,0.4005,0.42,15
I,0.54,0.435,0.145,0.97,0.4285,0.22,0.264,17
F,0.455,0.365,0.11,0.385,0.166,0.046,0.1345,13
M,0.415,0.32,0.1,0.3005,0.1215,0.0575,0.10400000000000001,11
F,0.51,0.38,0.13,0.584,0.22399999999999998,0.1355,0.185,13
M,0.28,0.21,0.065,0.0905,0.035,0.02,0.03,5
I,0.61,0.48,0.165,1.097,0.4215,0.264,0.335,13
M,0.33,0.235,0.09,0.163,0.0615,0.034,0.055,10
F,0.475,0.375,0.125,0.588,0.237,0.1715,0.155,10
F,0.46,0.33,0.15,0.5325,0.2085,0.1805,0.125,10
M,0.545,0.435,0.165,0.9955,0.3245,0.2665,0.325,19
F,0.475,0.35,0.115,0.48700000000000004,0.19399999999999998,0.1455,0.125,13
M,0.515,0.4,0.125,0.955,0.341,0.2535,0.26,13
M,0.545,0.41,0.145,0.873,0.3035,0.196,0.31,18
M,0.565,0.465,0.15,1.1285,0.377,0.3525,0.33,16
F,0.605,0.45,0.165,1.2225,0.35700000000000004,0.20199999999999999,0.385,13
F,0.46,0.35,0.115,0.44,0.19,0.1025,0.13,8
M,0.53,0.43,0.135,0.879,0.28,0.2165,0.25,10
M,0.48,0.395,0.15,0.6815,0.2145,0.1405,0.2495,18
M,0.37,0.28,0.105,0.22399999999999998,0.0815,0.0575,0.075,8
I,0.48,0.355,0.115,0.5785,0.25,0.106,0.184,8
F,0.49,0.37,0.105,0.5265,0.249,0.1005,0.14800000000000002,7
F,0.595,0.475,0.165,1.148,0.444,0.214,0.37,10
I,0.35,0.265,0.095,0.19899999999999998,0.073,0.049,0.06,5
I,0.375,0.285,0.09,0.257,0.1045,0.062,0.075,7
I,0.43,0.335,0.105,0.37799999999999995,0.188,0.0785,0.09,6
I,0.485,0.37,0.1,0.513,0.21899999999999997,0.1075,0.13,7
F,0.625,0.47,0.17,1.255,0.525,0.2415,0.405,10
F,0.64,0.48,0.195,1.1435,0.4915,0.2345,0.353,9
F,0.665,0.52,0.165,1.6885,0.7295,0.40700000000000003,0.4265,11
F,0.715,0.585,0.23,2.0725,0.8655,0.4095,0.565,10
I,0.165,0.12,0.05,0.021,0.0075,0.0045,0.013999999999999999,3
I,0.4,0.29,0.1,0.258,0.10400000000000001,0.059000000000000004,0.0815,7
I,0.435,0.335,0.11,0.41100000000000003,0.2025,0.0945,0.1,7
I,0.465,0.345,0.105,0.4015,0.242,0.0345,0.109,6
I,0.47,0.355,0.115,0.4155,0.16699999999999998,0.084,0.139,7
I,0.475,0.42,0.16,0.7095,0.35,0.1505,0.1845,8
M,0.555,0.44,0.15,0.838,0.4155,0.146,0.23,8
F,0.555,0.43,0.135,0.812,0.4055,0.163,0.2215,9
M,0.59,0.46,0.145,0.929,0.38,0.24,0.255,10
M,0.61,0.47,0.175,1.214,0.5315,0.2835,0.325,10
F,0.615,0.49,0.19,1.1345,0.4695,0.257,0.348,11
F,0.7,0.56,0.175,1.6605,0.8605,0.3275,0.39799999999999996,11
M,0.715,0.545,0.18,1.7405,0.871,0.34700000000000003,0.449,10
I,0.215,0.15,0.055,0.040999999999999995,0.015,0.009000000000000001,0.0125,3
I,0.24,0.185,0.06,0.0655,0.0295,0.0005,0.02,4
I,0.32,0.24,0.085,0.131,0.0615,0.0265,0.038,6
I,0.4,0.265,0.1,0.2775,0.1245,0.0605,0.08,9
I,0.45,0.35,0.11,0.514,0.253,0.1045,0.14,8
I,0.455,0.435,0.11,0.4265,0.195,0.09,0.1205,8
I,0.475,0.35,0.115,0.498,0.2375,0.099,0.14,7
I,0.525,0.39,0.105,0.5670000000000001,0.2875,0.1075,0.16,8
I,0.53,0.42,0.13,0.6579999999999999,0.29600000000000004,0.1245,0.198,8
I,0.535,0.41,0.13,0.6075,0.268,0.1225,0.1975,9
I,0.54,0.41,0.135,0.7025,0.31,0.177,0.2,8
I,0.55,0.425,0.155,0.8725,0.41200000000000003,0.187,0.2425,10
I,0.57,0.42,0.13,0.7745,0.3535,0.1505,0.2365,9
F,0.575,0.475,0.16,0.895,0.3605,0.221,0.271,9
I,0.58,0.46,0.14,0.9265,0.4135,0.1845,0.27,10
I,0.58,0.47,0.15,0.907,0.444,0.1855,0.2445,11
F,0.6,0.475,0.155,1.0590000000000002,0.441,0.19,0.39,11
F,0.625,0.475,0.16,1.3335,0.605,0.2875,0.319,10
M,0.625,0.49,0.165,1.1835,0.517,0.2375,0.39,11
I,0.63,0.465,0.15,1.0315,0.4265,0.24,0.325,11
M,0.65,0.515,0.185,1.3745,0.75,0.1805,0.369,12
F,0.66,0.5,0.155,1.3765,0.6485,0.28800000000000003,0.335,12
M,0.66,0.515,0.2,1.6465,0.7490000000000001,0.42200000000000004,0.401,11
M,0.685,0.53,0.17,1.56,0.647,0.38299999999999995,0.465,11
M,0.735,0.555,0.22,2.333,1.2395,0.3645,0.6195,12
I,0.455,0.37,0.11,0.514,0.2385,0.1235,0.126,8
M,0.545,0.43,0.155,0.8035,0.409,0.14400000000000002,0.228,7
M,0.615,0.475,0.19,1.4335,0.7315,0.305,0.3285,9
M,0.62,0.46,0.16,0.9505,0.4915,0.2,0.228,9
M,0.63,0.515,0.17,1.385,0.6355,0.2955,0.38,11
F,0.64,0.5,0.17,1.2645,0.565,0.3375,0.315,9
M,0.715,0.525,0.2,1.89,0.95,0.436,0.4305,10
F,0.735,0.565,0.225,2.037,0.87,0.5145,0.5675,13
I,0.295,0.22,0.085,0.1285,0.0585,0.027000000000000003,0.0365,5
I,0.475,0.365,0.105,0.4175,0.1645,0.099,0.127,7
I,0.475,0.335,0.1,0.4425,0.1895,0.086,0.135,9
I,0.475,0.35,0.125,0.4225,0.1905,0.079,0.1355,9
I,0.535,0.45,0.155,0.8075,0.3655,0.14800000000000002,0.2595,10
I,0.575,0.45,0.145,0.872,0.4675,0.18,0.217,9
I,0.575,0.44,0.15,0.983,0.486,0.215,0.239,8
F,0.585,0.465,0.145,0.9855,0.4325,0.2145,0.2845,10
F,0.595,0.44,0.135,0.9640000000000001,0.5005,0.1715,0.2575,10
I,0.63,0.49,0.17,1.217,0.5515,0.212,0.31,11
M,0.65,0.495,0.16,1.2075,0.55,0.2695,0.32,10
M,0.685,0.55,0.19,1.885,0.89,0.41,0.4895,10
M,0.705,0.55,0.21,1.4385,0.655,0.3255,0.462,11
I,0.235,0.13,0.075,0.1585,0.0685,0.037000000000000005,0.0465,5
I,0.35,0.25,0.1,0.4015,0.1725,0.063,0.1255,7
I,0.38,0.28,0.095,0.2885,0.165,0.0435,0.067,7
M,0.43,0.31,0.13,0.6485,0.2735,0.163,0.184,9
F,0.485,0.365,0.15,0.9145,0.4145,0.19899999999999998,0.273,7
M,0.615,0.475,0.15,1.0375,0.47600000000000003,0.2325,0.28300000000000003,9
F,0.635,0.505,0.17,1.2635,0.512,0.322,0.355,9
I,0.275,0.205,0.065,0.10099999999999999,0.040999999999999995,0.021,0.034,5
I,0.36,0.265,0.085,0.1865,0.0675,0.037000000000000005,0.0615,7
I,0.475,0.355,0.135,0.4775,0.2145,0.09,0.1435,8
I,0.51,0.395,0.105,0.5525,0.23399999999999999,0.127,0.165,8
M,0.53,0.42,0.135,0.675,0.294,0.156,0.1825,10
M,0.555,0.46,0.16,0.86,0.3345,0.1935,0.275,10
I,0.59,0.45,0.125,0.86,0.43700000000000006,0.1515,0.245,9
M,0.62,0.48,0.155,1.2555,0.527,0.374,0.3175,11
F,0.645,0.51,0.155,1.129,0.5015,0.24,0.342,10
F,0.65,0.505,0.175,1.2075,0.5105,0.262,0.39,10
F,0.65,0.495,0.175,1.227,0.528,0.258,0.37,11
F,0.665,0.525,0.18,1.5785,0.6779999999999999,0.22899999999999998,0.456,14
M,0.675,0.54,0.175,1.5545,0.6645,0.278,0.512,12
F,0.695,0.535,0.175,1.361,0.5465,0.2815,0.465,10
M,0.74,0.58,0.205,2.381,0.8155,0.4695,0.488,12
M,0.425,0.305,0.11,0.359,0.17300000000000001,0.0875,0.0975,9
I,0.425,0.31,0.095,0.3505,0.1645,0.071,0.1,8
F,0.45,0.365,0.115,0.5885,0.318,0.121,0.1325,8
I,0.35,0.26,0.095,0.221,0.0985,0.043,0.07,8
I,0.38,0.275,0.095,0.2425,0.106,0.0485,0.21,6
M,0.57,0.44,0.145,0.8815,0.3605,0.1955,0.2735,10
M,0.595,0.46,0.155,1.03,0.4275,0.207,0.3305,10
M,0.625,0.47,0.17,1.1665,0.4605,0.2565,0.3945,11
F,0.68,0.52,0.185,1.541,0.5985,0.395,0.4575,10
M,0.335,0.26,0.075,0.22,0.0855,0.04,0.085,6
M,0.41,0.325,0.1,0.3555,0.146,0.07200000000000001,0.105,9
I,0.17,0.105,0.035,0.034,0.012,0.0085,0.005,4
I,0.335,0.25,0.095,0.185,0.0795,0.0495,0.055,8
M,0.52,0.425,0.125,0.79,0.37200000000000005,0.205,0.19,8
F,0.53,0.41,0.145,0.8255,0.375,0.204,0.245,9
M,0.575,0.45,0.16,0.955,0.44,0.1685,0.27,16
M,0.56,0.44,0.13,0.8255,0.2425,0.20199999999999999,0.285,10
F,0.57,0.465,0.155,0.9685,0.446,0.261,0.255,9
M,0.655,0.515,0.2,1.3730000000000002,0.44299999999999995,0.3375,0.49,16
F,0.525,0.43,0.165,0.7170000000000001,0.289,0.1745,0.195,10
F,0.45,0.36,0.11,0.447,0.203,0.08199999999999999,0.13,12
F,0.525,0.41,0.15,0.708,0.27399999999999997,0.151,0.25,12
F,0.645,0.5,0.225,1.626,0.5870000000000001,0.4055,0.41,15
F,0.455,0.375,0.125,0.45799999999999996,0.1985,0.111,0.12,10
M,0.455,0.355,0.135,0.4745,0.1865,0.0935,0.168,13
I,0.56,0.445,0.165,1.0285,0.4535,0.253,0.275,11
I,0.615,0.46,0.19,1.0659999999999998,0.4335,0.226,0.33,13
M,0.375,0.28,0.095,0.2225,0.0875,0.043,0.08,10
I,0.525,0.4,0.14,0.6955,0.2405,0.16,0.253,10
F,0.5,0.4,0.165,0.7105,0.27,0.1455,0.225,20
I,0.5,0.38,0.155,0.6675,0.2745,0.156,0.18,12
F,0.67,0.535,0.185,1.597,0.6275,0.35,0.47,21
I,0.235,0.175,0.08,0.0645,0.0215,0.0175,0.0215,5
M,0.52,0.41,0.115,0.77,0.263,0.157,0.26,11
F,0.35,0.275,0.065,0.205,0.0745,0.0465,0.07,10
F,0.525,0.4,0.115,0.6295,0.2555,0.14400000000000002,0.18,11
M,0.475,0.365,0.14,0.6175,0.20199999999999999,0.1445,0.19,16
F,0.53,0.4,0.165,0.772,0.2855,0.1975,0.23,12
F,0.465,0.39,0.11,0.6355,0.1815,0.157,0.225,13
I,0.49,0.385,0.12,0.591,0.271,0.1125,0.1775,9
I,0.27,0.205,0.075,0.11800000000000001,0.059000000000000004,0.031,0.0305,4
I,0.295,0.22,0.07,0.1365,0.0575,0.0295,0.035,6
I,0.315,0.23,0.07,0.16399999999999998,0.0625,0.04,0.045,6
I,0.58,0.435,0.15,0.8915,0.363,0.1925,0.2515,6
F,0.585,0.45,0.125,0.8740000000000001,0.3545,0.2075,0.225,6
M,0.6,0.465,0.155,1.262,0.6245,0.2455,0.33,10
M,0.63,0.48,0.185,1.21,0.53,0.2555,0.322,11
I,0.185,0.135,0.045,0.032,0.011000000000000001,0.0065,0.01,4
I,0.245,0.175,0.055,0.0785,0.04,0.018000000000000002,0.02,5
I,0.415,0.31,0.095,0.34,0.18100000000000002,0.057,0.083,6
F,0.555,0.43,0.14,0.7545,0.3525,0.1835,0.2015,9
M,0.625,0.48,0.175,1.065,0.4865,0.259,0.285,10
F,0.64,0.525,0.175,1.382,0.6459999999999999,0.3115,0.37,9
F,0.69,0.58,0.195,1.6580000000000001,0.708,0.3615,0.4715,10
I,0.275,0.2,0.07,0.096,0.037000000000000005,0.0225,0.03,6
I,0.365,0.27,0.09,0.2155,0.1005,0.049,0.0655,6
I,0.54,0.415,0.155,0.7020000000000001,0.322,0.16699999999999998,0.19,10
I,0.55,0.445,0.125,0.672,0.28800000000000003,0.1365,0.21,11
F,0.575,0.45,0.12,0.9585,0.447,0.16899999999999998,0.275,12
M,0.6,0.46,0.155,0.6655,0.285,0.149,0.26899999999999996,11
F,0.625,0.495,0.16,1.234,0.6335,0.192,0.35,13
M,0.625,0.47,0.145,1.7855,0.675,0.247,0.3245,13
M,0.645,0.51,0.165,1.403,0.5755,0.2515,0.4545,11
F,0.69,0.535,0.185,1.8259999999999998,0.797,0.409,0.499,11
M,0.515,0.39,0.12,0.6125,0.302,0.1365,0.1415,8
F,0.63,0.515,0.16,1.3359999999999999,0.5529999999999999,0.3205,0.35,11
I,0.4,0.3,0.115,0.318,0.1335,0.0725,0.0935,6
I,0.48,0.335,0.125,0.524,0.24600000000000002,0.1095,0.145,7
I,0.485,0.375,0.11,0.46399999999999997,0.2015,0.09,0.149,8
M,0.545,0.45,0.15,0.7805,0.3795,0.1625,0.21600000000000003,8
M,0.55,0.43,0.18,0.8265,0.4405,0.159,0.225,10
I,0.565,0.465,0.15,1.1815,0.581,0.2215,0.3095,9
M,0.57,0.445,0.16,1.0145,0.516,0.16399999999999998,0.3,10
F,0.575,0.48,0.17,1.1,0.506,0.2485,0.31,10
M,0.59,0.45,0.155,0.8740000000000001,0.369,0.2135,0.24,8
M,0.635,0.5,0.18,1.2915,0.594,0.2695,0.37,9
F,0.675,0.52,0.175,1.494,0.7365,0.3055,0.37,9
M,0.68,0.545,0.185,1.672,0.7075,0.364,0.48,11
F,0.71,0.545,0.175,1.9069999999999998,0.8725,0.4565,0.475,11
F,0.715,0.565,0.18,1.79,0.8440000000000001,0.3535,0.5385,9
I,0.42,0.305,0.1,0.3415,0.1645,0.0775,0.086,7
I,0.48,0.35,0.1,0.519,0.2365,0.1275,0.126,7
I,0.56,0.42,0.14,0.8370000000000001,0.414,0.214,0.2,8
F,0.605,0.465,0.155,1.1,0.547,0.2665,0.2585,10
M,0.625,0.48,0.16,1.2415,0.6575,0.2625,0.2785,9
I,0.54,0.415,0.135,0.7090000000000001,0.3195,0.174,0.185,9
I,0.57,0.425,0.14,0.7655,0.331,0.14,0.24,10
F,0.615,0.495,0.155,1.0805,0.52,0.19,0.32,9
F,0.65,0.505,0.165,1.357,0.5725,0.281,0.43,11
M,0.67,0.535,0.19,1.669,0.7465,0.2935,0.508,11
I,0.44,0.35,0.11,0.3805,0.1575,0.0895,0.115,6
F,0.56,0.44,0.135,0.8025,0.35,0.1615,0.259,9
I,0.39,0.31,0.085,0.344,0.18100000000000002,0.0695,0.079,7
M,0.5,0.38,0.125,0.5770000000000001,0.26899999999999996,0.1265,0.1535,9
F,0.515,0.4,0.125,0.615,0.2865,0.12300000000000001,0.1765,8
F,0.565,0.45,0.165,0.887,0.37,0.239,0.249,11
M,0.71,0.555,0.195,1.9485,0.9455,0.3765,0.495,12
